case_id,t1,t1ce,t2,flair,seg
BraTS2021_00000,True,True,True,True,True
BraTS2021_00002,True,True,True,True,True
BraTS2021_00003,True,True,True,True,True
BraTS2021_00005,True,True,True,True,True
BraTS2021_00006,True,True,True,True,True
BraTS2021_00008,True,True,True,True,True
BraTS2021_00009,True,True,True,True,True
BraTS2021_00011,True,True,True,True,True
BraTS2021_00012,True,True,True,True,True
BraTS2021_00014,True,True,True,True,True
BraTS2021_00016,True,True,True,True,True
BraTS2021_00017,True,True,True,True,True
BraTS2021_00018,True,True,True,True,True
BraTS2021_00019,True,True,True,True,True
BraTS2021_00020,True,True,True,True,True
BraTS2021_00021,True,True,True,True,True
BraTS2021_00022,True,True,True,True,True
BraTS2021_00024,True,True,True,True,True
BraTS2021_00025,True,True,True,True,True
BraTS2021_00026,True,True,True,True,True
BraTS2021_00028,True,True,True,True,True
BraTS2021_00030,True,True,True,True,True
BraTS2021_00031,True,True,True,True,True
BraTS2021_00032,True,True,True,True,True
BraTS2021_00033,True,True,True,True,True
BraTS2021_00035,True,True,True,True,True
BraTS2021_00036,True,True,True,True,True
BraTS2021_00043,True,True,True,True,True
BraTS2021_00044,True,True,True,True,True
BraTS2021_00045,True,True,True,True,True
BraTS2021_00046,True,True,True,True,True
BraTS2021_00048,True,True,True,True,True
BraTS2021_00049,True,True,True,True,True
BraTS2021_00051,True,True,True,True,True
BraTS2021_00052,True,True,True,True,True
BraTS2021_00053,True,True,True,True,True
BraTS2021_00054,True,True,True,True,True
BraTS2021_00056,True,True,True,True,True
BraTS2021_00058,True,True,True,True,True
BraTS2021_00059,True,True,True,True,True
BraTS2021_00060,True,True,True,True,True
BraTS2021_00061,True,True,True,True,True
BraTS2021_00062,True,True,True,True,True
BraTS2021_00063,True,True,True,True,True
BraTS2021_00064,True,True,True,True,True
BraTS2021_00066,True,True,True,True,True
BraTS2021_00068,True,True,True,True,True
BraTS2021_00070,True,True,True,True,True
BraTS2021_00071,True,True,True,True,True
BraTS2021_00072,True,True,True,True,True
BraTS2021_00074,True,True,True,True,True
BraTS2021_00077,True,True,True,True,True
BraTS2021_00078,True,True,True,True,True
BraTS2021_00081,True,True,True,True,True
BraTS2021_00084,True,True,True,True,True
BraTS2021_00085,True,True,True,True,True
BraTS2021_00087,True,True,True,True,True
BraTS2021_00088,True,True,True,True,True
BraTS2021_00089,True,True,True,True,True
BraTS2021_00090,True,True,True,True,True
BraTS2021_00094,True,True,True,True,True
BraTS2021_00095,True,True,True,True,True
BraTS2021_00096,True,True,True,True,True
BraTS2021_00097,True,True,True,True,True
BraTS2021_00098,True,True,True,True,True
BraTS2021_00099,True,True,True,True,True
BraTS2021_00100,True,True,True,True,True
BraTS2021_00101,True,True,True,True,True
BraTS2021_00102,True,True,True,True,True
BraTS2021_00103,True,True,True,True,True
BraTS2021_00104,True,True,True,True,True
BraTS2021_00105,True,True,True,True,True
BraTS2021_00106,True,True,True,True,True
BraTS2021_00107,True,True,True,True,True
BraTS2021_00108,True,True,True,True,True
BraTS2021_00109,True,True,True,True,True
BraTS2021_00110,True,True,True,True,True
BraTS2021_00111,True,True,True,True,True
BraTS2021_00112,True,True,True,True,True
BraTS2021_00113,True,True,True,True,True
BraTS2021_00115,True,True,True,True,True
BraTS2021_00116,True,True,True,True,True
BraTS2021_00117,True,True,True,True,True
BraTS2021_00118,True,True,True,True,True
BraTS2021_00120,True,True,True,True,True
BraTS2021_00121,True,True,True,True,True
BraTS2021_00122,True,True,True,True,True
BraTS2021_00123,True,True,True,True,True
BraTS2021_00124,True,True,True,True,True
BraTS2021_00126,True,True,True,True,True
BraTS2021_00127,True,True,True,True,True
BraTS2021_00128,True,True,True,True,True
BraTS2021_00130,True,True,True,True,True
BraTS2021_00131,True,True,True,True,True
BraTS2021_00132,True,True,True,True,True
BraTS2021_00133,True,True,True,True,True
BraTS2021_00134,True,True,True,True,True
BraTS2021_00136,True,True,True,True,True
BraTS2021_00137,True,True,True,True,True
BraTS2021_00138,True,True,True,True,True
BraTS2021_00139,True,True,True,True,True
BraTS2021_00140,True,True,True,True,True
BraTS2021_00142,True,True,True,True,True
BraTS2021_00143,True,True,True,True,True
BraTS2021_00144,True,True,True,True,True
BraTS2021_00146,True,True,True,True,True
BraTS2021_00147,True,True,True,True,True
BraTS2021_00148,True,True,True,True,True
BraTS2021_00149,True,True,True,True,True
BraTS2021_00150,True,True,True,True,True
BraTS2021_00151,True,True,True,True,True
BraTS2021_00152,True,True,True,True,True
BraTS2021_00154,True,True,True,True,True
BraTS2021_00155,True,True,True,True,True
BraTS2021_00156,True,True,True,True,True
BraTS2021_00157,True,True,True,True,True
BraTS2021_00158,True,True,True,True,True
BraTS2021_00159,True,True,True,True,True
BraTS2021_00160,True,True,True,True,True
BraTS2021_00162,True,True,True,True,True
BraTS2021_00165,True,True,True,True,True
BraTS2021_00166,True,True,True,True,True
BraTS2021_00167,True,True,True,True,True
BraTS2021_00170,True,True,True,True,True
BraTS2021_00171,True,True,True,True,True
BraTS2021_00172,True,True,True,True,True
BraTS2021_00176,True,True,True,True,True
BraTS2021_00177,True,True,True,True,True
BraTS2021_00178,True,True,True,True,True
BraTS2021_00183,True,True,True,True,True
BraTS2021_00184,True,True,True,True,True
BraTS2021_00185,True,True,True,True,True
BraTS2021_00186,True,True,True,True,True
BraTS2021_00187,True,True,True,True,True
BraTS2021_00188,True,True,True,True,True
BraTS2021_00191,True,True,True,True,True
BraTS2021_00192,True,True,True,True,True
BraTS2021_00193,True,True,True,True,True
BraTS2021_00194,True,True,True,True,True
BraTS2021_00195,True,True,True,True,True
BraTS2021_00196,True,True,True,True,True
BraTS2021_00199,True,True,True,True,True
BraTS2021_00201,True,True,True,True,True
BraTS2021_00203,True,True,True,True,True
BraTS2021_00204,True,True,True,True,True
BraTS2021_00206,True,True,True,True,True
BraTS2021_00207,True,True,True,True,True
BraTS2021_00209,True,True,True,True,True
BraTS2021_00210,True,True,True,True,True
BraTS2021_00211,True,True,True,True,True
BraTS2021_00212,True,True,True,True,True
BraTS2021_00214,True,True,True,True,True
BraTS2021_00216,True,True,True,True,True
BraTS2021_00217,True,True,True,True,True
BraTS2021_00218,True,True,True,True,True
BraTS2021_00219,True,True,True,True,True
BraTS2021_00220,True,True,True,True,True
BraTS2021_00221,True,True,True,True,True
BraTS2021_00222,True,True,True,True,True
BraTS2021_00227,True,True,True,True,True
BraTS2021_00228,True,True,True,True,True
BraTS2021_00230,True,True,True,True,True
BraTS2021_00231,True,True,True,True,True
BraTS2021_00233,True,True,True,True,True
BraTS2021_00234,True,True,True,True,True
BraTS2021_00235,True,True,True,True,True
BraTS2021_00236,True,True,True,True,True
BraTS2021_00237,True,True,True,True,True
BraTS2021_00238,True,True,True,True,True
BraTS2021_00239,True,True,True,True,True
BraTS2021_00240,True,True,True,True,True
BraTS2021_00241,True,True,True,True,True
BraTS2021_00242,True,True,True,True,True
BraTS2021_00243,True,True,True,True,True
BraTS2021_00246,True,True,True,True,True
BraTS2021_00247,True,True,True,True,True
BraTS2021_00249,True,True,True,True,True
BraTS2021_00250,True,True,True,True,True
BraTS2021_00251,True,True,True,True,True
BraTS2021_00253,True,True,True,True,True
BraTS2021_00254,True,True,True,True,True
BraTS2021_00258,True,True,True,True,True
BraTS2021_00259,True,True,True,True,True
BraTS2021_00260,True,True,True,True,True
BraTS2021_00261,True,True,True,True,True
BraTS2021_00262,True,True,True,True,True
BraTS2021_00263,True,True,True,True,True
BraTS2021_00266,True,True,True,True,True
BraTS2021_00267,True,True,True,True,True
BraTS2021_00269,True,True,True,True,True
BraTS2021_00270,True,True,True,True,True
BraTS2021_00271,True,True,True,True,True
BraTS2021_00273,True,True,True,True,True
BraTS2021_00274,True,True,True,True,True
BraTS2021_00275,True,True,True,True,True
BraTS2021_00280,True,True,True,True,True
BraTS2021_00281,True,True,True,True,True
BraTS2021_00282,True,True,True,True,True
BraTS2021_00283,True,True,True,True,True
BraTS2021_00284,True,True,True,True,True
BraTS2021_00285,True,True,True,True,True
BraTS2021_00286,True,True,True,True,True
BraTS2021_00288,True,True,True,True,True
BraTS2021_00289,True,True,True,True,True
BraTS2021_00290,True,True,True,True,True
BraTS2021_00291,True,True,True,True,True
BraTS2021_00292,True,True,True,True,True
BraTS2021_00293,True,True,True,True,True
BraTS2021_00294,True,True,True,True,True
BraTS2021_00296,True,True,True,True,True
BraTS2021_00297,True,True,True,True,True
BraTS2021_00298,True,True,True,True,True
BraTS2021_00299,True,True,True,True,True
BraTS2021_00300,True,True,True,True,True
BraTS2021_00301,True,True,True,True,True
BraTS2021_00303,True,True,True,True,True
BraTS2021_00304,True,True,True,True,True
BraTS2021_00305,True,True,True,True,True
BraTS2021_00306,True,True,True,True,True
BraTS2021_00309,True,True,True,True,True
BraTS2021_00310,True,True,True,True,True
BraTS2021_00311,True,True,True,True,True
BraTS2021_00312,True,True,True,True,True
BraTS2021_00313,True,True,True,True,True
BraTS2021_00314,True,True,True,True,True
BraTS2021_00316,True,True,True,True,True
BraTS2021_00317,True,True,True,True,True
BraTS2021_00318,True,True,True,True,True
BraTS2021_00320,True,True,True,True,True
BraTS2021_00321,True,True,True,True,True
BraTS2021_00322,True,True,True,True,True
BraTS2021_00324,True,True,True,True,True
BraTS2021_00325,True,True,True,True,True
BraTS2021_00327,True,True,True,True,True
BraTS2021_00328,True,True,True,True,True
BraTS2021_00329,True,True,True,True,True
BraTS2021_00331,True,True,True,True,True
BraTS2021_00332,True,True,True,True,True
BraTS2021_00334,True,True,True,True,True
BraTS2021_00336,True,True,True,True,True
BraTS2021_00338,True,True,True,True,True
BraTS2021_00339,True,True,True,True,True
BraTS2021_00340,True,True,True,True,True
BraTS2021_00341,True,True,True,True,True
BraTS2021_00343,True,True,True,True,True
BraTS2021_00344,True,True,True,True,True
BraTS2021_00346,True,True,True,True,True
BraTS2021_00347,True,True,True,True,True
BraTS2021_00348,True,True,True,True,True
BraTS2021_00349,True,True,True,True,True
BraTS2021_00350,True,True,True,True,True
BraTS2021_00351,True,True,True,True,True
BraTS2021_00352,True,True,True,True,True
BraTS2021_00353,True,True,True,True,True
BraTS2021_00356,True,True,True,True,True
BraTS2021_00359,True,True,True,True,True
BraTS2021_00360,True,True,True,True,True
BraTS2021_00364,True,True,True,True,True
BraTS2021_00366,True,True,True,True,True
BraTS2021_00367,True,True,True,True,True
BraTS2021_00369,True,True,True,True,True
BraTS2021_00370,True,True,True,True,True
BraTS2021_00371,True,True,True,True,True
BraTS2021_00373,True,True,True,True,True
BraTS2021_00375,True,True,True,True,True
BraTS2021_00376,True,True,True,True,True
BraTS2021_00377,True,True,True,True,True
BraTS2021_00378,True,True,True,True,True
BraTS2021_00379,True,True,True,True,True
BraTS2021_00380,True,True,True,True,True
BraTS2021_00382,True,True,True,True,True
BraTS2021_00383,True,True,True,True,True
BraTS2021_00386,True,True,True,True,True
BraTS2021_00387,True,True,True,True,True
BraTS2021_00388,True,True,True,True,True
BraTS2021_00389,True,True,True,True,True
BraTS2021_00390,True,True,True,True,True
BraTS2021_00391,True,True,True,True,True
BraTS2021_00392,True,True,True,True,True
BraTS2021_00395,True,True,True,True,True
BraTS2021_00397,True,True,True,True,True
BraTS2021_00399,True,True,True,True,True
BraTS2021_00400,True,True,True,True,True
BraTS2021_00401,True,True,True,True,True
BraTS2021_00402,True,True,True,True,True
BraTS2021_00403,True,True,True,True,True
BraTS2021_00404,True,True,True,True,True
BraTS2021_00405,True,True,True,True,True
BraTS2021_00406,True,True,True,True,True
BraTS2021_00407,True,True,True,True,True
BraTS2021_00409,True,True,True,True,True
BraTS2021_00410,True,True,True,True,True
BraTS2021_00412,True,True,True,True,True
BraTS2021_00413,True,True,True,True,True
BraTS2021_00414,True,True,True,True,True
BraTS2021_00416,True,True,True,True,True
BraTS2021_00417,True,True,True,True,True
BraTS2021_00418,True,True,True,True,True
BraTS2021_00419,True,True,True,True,True
BraTS2021_00421,True,True,True,True,True
BraTS2021_00423,True,True,True,True,True
BraTS2021_00425,True,True,True,True,True
BraTS2021_00426,True,True,True,True,True
BraTS2021_00429,True,True,True,True,True
BraTS2021_00430,True,True,True,True,True
BraTS2021_00431,True,True,True,True,True
BraTS2021_00432,True,True,True,True,True
BraTS2021_00433,True,True,True,True,True
BraTS2021_00436,True,True,True,True,True
BraTS2021_00440,True,True,True,True,True
BraTS2021_00441,True,True,True,True,True
BraTS2021_00442,True,True,True,True,True
BraTS2021_00443,True,True,True,True,True
BraTS2021_00444,True,True,True,True,True
BraTS2021_00445,True,True,True,True,True
BraTS2021_00446,True,True,True,True,True
BraTS2021_00448,True,True,True,True,True
BraTS2021_00449,True,True,True,True,True
BraTS2021_00451,True,True,True,True,True
BraTS2021_00452,True,True,True,True,True
BraTS2021_00453,True,True,True,True,True
BraTS2021_00454,True,True,True,True,True
BraTS2021_00455,True,True,True,True,True
BraTS2021_00456,True,True,True,True,True
BraTS2021_00457,True,True,True,True,True
BraTS2021_00459,True,True,True,True,True
BraTS2021_00464,True,True,True,True,True
BraTS2021_00466,True,True,True,True,True
BraTS2021_00468,True,True,True,True,True
BraTS2021_00469,True,True,True,True,True
BraTS2021_00470,True,True,True,True,True
BraTS2021_00472,True,True,True,True,True
BraTS2021_00477,True,True,True,True,True
BraTS2021_00478,True,True,True,True,True
BraTS2021_00479,True,True,True,True,True
BraTS2021_00480,True,True,True,True,True
BraTS2021_00481,True,True,True,True,True
BraTS2021_00483,True,True,True,True,True
BraTS2021_00485,True,True,True,True,True
BraTS2021_00488,True,True,True,True,True
BraTS2021_00491,True,True,True,True,True
BraTS2021_00493,True,True,True,True,True
BraTS2021_00494,True,True,True,True,True
BraTS2021_00495,True,True,True,True,True
BraTS2021_00495,True,True,True,True,True
BraTS2021_00496,True,True,True,True,True
BraTS2021_00498,True,True,True,True,True
BraTS2021_00499,True,True,True,True,True
BraTS2021_00500,True,True,True,True,True
BraTS2021_00501,True,True,True,True,True
BraTS2021_00502,True,True,True,True,True
BraTS2021_00504,True,True,True,True,True
BraTS2021_00505,True,True,True,True,True
BraTS2021_00506,True,True,True,True,True
BraTS2021_00507,True,True,True,True,True
BraTS2021_00510,True,True,True,True,True
BraTS2021_00511,True,True,True,True,True
BraTS2021_00512,True,True,True,True,True
BraTS2021_00513,True,True,True,True,True
BraTS2021_00514,True,True,True,True,True
BraTS2021_00516,True,True,True,True,True
BraTS2021_00517,True,True,True,True,True
BraTS2021_00518,True,True,True,True,True
BraTS2021_00519,True,True,True,True,True
BraTS2021_00520,True,True,True,True,True
BraTS2021_00523,True,True,True,True,True
BraTS2021_00524,True,True,True,True,True
BraTS2021_00525,True,True,True,True,True
BraTS2021_00526,True,True,True,True,True
BraTS2021_00528,True,True,True,True,True
BraTS2021_00529,True,True,True,True,True
BraTS2021_00530,True,True,True,True,True
BraTS2021_00532,True,True,True,True,True
BraTS2021_00533,True,True,True,True,True
BraTS2021_00537,True,True,True,True,True
BraTS2021_00538,True,True,True,True,True
BraTS2021_00539,True,True,True,True,True
BraTS2021_00540,True,True,True,True,True
BraTS2021_00542,True,True,True,True,True
BraTS2021_00543,True,True,True,True,True
BraTS2021_00544,True,True,True,True,True
BraTS2021_00545,True,True,True,True,True
BraTS2021_00547,True,True,True,True,True
BraTS2021_00548,True,True,True,True,True
BraTS2021_00549,True,True,True,True,True
BraTS2021_00550,True,True,True,True,True
BraTS2021_00551,True,True,True,True,True
BraTS2021_00552,True,True,True,True,True
BraTS2021_00554,True,True,True,True,True
BraTS2021_00555,True,True,True,True,True
BraTS2021_00556,True,True,True,True,True
BraTS2021_00557,True,True,True,True,True
BraTS2021_00558,True,True,True,True,True
BraTS2021_00559,True,True,True,True,True
BraTS2021_00561,True,True,True,True,True
BraTS2021_00563,True,True,True,True,True
BraTS2021_00565,True,True,True,True,True
BraTS2021_00567,True,True,True,True,True
BraTS2021_00568,True,True,True,True,True
BraTS2021_00569,True,True,True,True,True
BraTS2021_00570,True,True,True,True,True
BraTS2021_00571,True,True,True,True,True
BraTS2021_00572,True,True,True,True,True
BraTS2021_00574,True,True,True,True,True
BraTS2021_00575,True,True,True,True,True
BraTS2021_00576,True,True,True,True,True
BraTS2021_00577,True,True,True,True,True
BraTS2021_00578,True,True,True,True,True
BraTS2021_00579,True,True,True,True,True
BraTS2021_00580,True,True,True,True,True
BraTS2021_00581,True,True,True,True,True
BraTS2021_00582,True,True,True,True,True
BraTS2021_00583,True,True,True,True,True
BraTS2021_00584,True,True,True,True,True
BraTS2021_00586,True,True,True,True,True
BraTS2021_00587,True,True,True,True,True
BraTS2021_00588,True,True,True,True,True
BraTS2021_00589,True,True,True,True,True
BraTS2021_00590,True,True,True,True,True
BraTS2021_00591,True,True,True,True,True
BraTS2021_00593,True,True,True,True,True
BraTS2021_00594,True,True,True,True,True
BraTS2021_00596,True,True,True,True,True
BraTS2021_00597,True,True,True,True,True
BraTS2021_00598,True,True,True,True,True
BraTS2021_00599,True,True,True,True,True
BraTS2021_00601,True,True,True,True,True
BraTS2021_00602,True,True,True,True,True
BraTS2021_00604,True,True,True,True,True
BraTS2021_00605,True,True,True,True,True
BraTS2021_00606,True,True,True,True,True
BraTS2021_00607,True,True,True,True,True
BraTS2021_00608,True,True,True,True,True
BraTS2021_00610,True,True,True,True,True
BraTS2021_00611,True,True,True,True,True
BraTS2021_00612,True,True,True,True,True
BraTS2021_00613,True,True,True,True,True
BraTS2021_00615,True,True,True,True,True
BraTS2021_00616,True,True,True,True,True
BraTS2021_00618,True,True,True,True,True
BraTS2021_00619,True,True,True,True,True
BraTS2021_00620,True,True,True,True,True
BraTS2021_00621,True,True,True,True,True
BraTS2021_00621,True,True,True,True,True
BraTS2021_00622,True,True,True,True,True
BraTS2021_00623,True,True,True,True,True
BraTS2021_00624,True,True,True,True,True
BraTS2021_00625,True,True,True,True,True
BraTS2021_00626,True,True,True,True,True
BraTS2021_00628,True,True,True,True,True
BraTS2021_00630,True,True,True,True,True
BraTS2021_00631,True,True,True,True,True
BraTS2021_00636,True,True,True,True,True
BraTS2021_00638,True,True,True,True,True
BraTS2021_00639,True,True,True,True,True
BraTS2021_00640,True,True,True,True,True
BraTS2021_00641,True,True,True,True,True
BraTS2021_00642,True,True,True,True,True
BraTS2021_00645,True,True,True,True,True
BraTS2021_00646,True,True,True,True,True
BraTS2021_00649,True,True,True,True,True
BraTS2021_00650,True,True,True,True,True
BraTS2021_00651,True,True,True,True,True
BraTS2021_00652,True,True,True,True,True
BraTS2021_00654,True,True,True,True,True
BraTS2021_00655,True,True,True,True,True
BraTS2021_00656,True,True,True,True,True
BraTS2021_00657,True,True,True,True,True
BraTS2021_00658,True,True,True,True,True
BraTS2021_00659,True,True,True,True,True
BraTS2021_00661,True,True,True,True,True
BraTS2021_00663,True,True,True,True,True
BraTS2021_00667,True,True,True,True,True
BraTS2021_00668,True,True,True,True,True
BraTS2021_00674,True,True,True,True,True
BraTS2021_00675,True,True,True,True,True
BraTS2021_00676,True,True,True,True,True
BraTS2021_00677,True,True,True,True,True
BraTS2021_00679,True,True,True,True,True
BraTS2021_00680,True,True,True,True,True
BraTS2021_00682,True,True,True,True,True
BraTS2021_00683,True,True,True,True,True
BraTS2021_00684,True,True,True,True,True
BraTS2021_00685,True,True,True,True,True
BraTS2021_00686,True,True,True,True,True
BraTS2021_00687,True,True,True,True,True
BraTS2021_00688,True,True,True,True,True
BraTS2021_00689,True,True,True,True,True
BraTS2021_00690,True,True,True,True,True
BraTS2021_00691,True,True,True,True,True
BraTS2021_00692,True,True,True,True,True
BraTS2021_00693,True,True,True,True,True
BraTS2021_00694,True,True,True,True,True
BraTS2021_00697,True,True,True,True,True
BraTS2021_00698,True,True,True,True,True
BraTS2021_00703,True,True,True,True,True
BraTS2021_00704,True,True,True,True,True
BraTS2021_00705,True,True,True,True,True
BraTS2021_00706,True,True,True,True,True
BraTS2021_00707,True,True,True,True,True
BraTS2021_00708,True,True,True,True,True
BraTS2021_00709,True,True,True,True,True
BraTS2021_00714,True,True,True,True,True
BraTS2021_00715,True,True,True,True,True
BraTS2021_00716,True,True,True,True,True
BraTS2021_00718,True,True,True,True,True
BraTS2021_00723,True,True,True,True,True
BraTS2021_00724,True,True,True,True,True
BraTS2021_00725,True,True,True,True,True
BraTS2021_00727,True,True,True,True,True
BraTS2021_00728,True,True,True,True,True
BraTS2021_00729,True,True,True,True,True
BraTS2021_00730,True,True,True,True,True
BraTS2021_00731,True,True,True,True,True
BraTS2021_00732,True,True,True,True,True
BraTS2021_00733,True,True,True,True,True
BraTS2021_00734,True,True,True,True,True
BraTS2021_00735,True,True,True,True,True
BraTS2021_00736,True,True,True,True,True
BraTS2021_00737,True,True,True,True,True
BraTS2021_00739,True,True,True,True,True
BraTS2021_00740,True,True,True,True,True
BraTS2021_00742,True,True,True,True,True
BraTS2021_00744,True,True,True,True,True
BraTS2021_00746,True,True,True,True,True
BraTS2021_00747,True,True,True,True,True
BraTS2021_00750,True,True,True,True,True
BraTS2021_00751,True,True,True,True,True
BraTS2021_00753,True,True,True,True,True
BraTS2021_00756,True,True,True,True,True
BraTS2021_00757,True,True,True,True,True
BraTS2021_00758,True,True,True,True,True
BraTS2021_00759,True,True,True,True,True
BraTS2021_00760,True,True,True,True,True
BraTS2021_00764,True,True,True,True,True
BraTS2021_00765,True,True,True,True,True
BraTS2021_00767,True,True,True,True,True
BraTS2021_00768,True,True,True,True,True
BraTS2021_00772,True,True,True,True,True
BraTS2021_00773,True,True,True,True,True
BraTS2021_00774,True,True,True,True,True
BraTS2021_00775,True,True,True,True,True
BraTS2021_00777,True,True,True,True,True
BraTS2021_00778,True,True,True,True,True
BraTS2021_00780,True,True,True,True,True
BraTS2021_00781,True,True,True,True,True
BraTS2021_00782,True,True,True,True,True
BraTS2021_00784,True,True,True,True,True
BraTS2021_00787,True,True,True,True,True
BraTS2021_00788,True,True,True,True,True
BraTS2021_00789,True,True,True,True,True
BraTS2021_00791,True,True,True,True,True
BraTS2021_00792,True,True,True,True,True
BraTS2021_00793,True,True,True,True,True
BraTS2021_00795,True,True,True,True,True
BraTS2021_00796,True,True,True,True,True
BraTS2021_00797,True,True,True,True,True
BraTS2021_00799,True,True,True,True,True
BraTS2021_00800,True,True,True,True,True
BraTS2021_00801,True,True,True,True,True
BraTS2021_00802,True,True,True,True,True
BraTS2021_00803,True,True,True,True,True
BraTS2021_00804,True,True,True,True,True
BraTS2021_00805,True,True,True,True,True
BraTS2021_00806,True,True,True,True,True
BraTS2021_00807,True,True,True,True,True
BraTS2021_00808,True,True,True,True,True
BraTS2021_00809,True,True,True,True,True
BraTS2021_00810,True,True,True,True,True
BraTS2021_00811,True,True,True,True,True
BraTS2021_00814,True,True,True,True,True
BraTS2021_00816,True,True,True,True,True
BraTS2021_00818,True,True,True,True,True
BraTS2021_00819,True,True,True,True,True
BraTS2021_00820,True,True,True,True,True
BraTS2021_00823,True,True,True,True,True
BraTS2021_00824,True,True,True,True,True
BraTS2021_00828,True,True,True,True,True
BraTS2021_00830,True,True,True,True,True
BraTS2021_00831,True,True,True,True,True
BraTS2021_00834,True,True,True,True,True
BraTS2021_00836,True,True,True,True,True
BraTS2021_00837,True,True,True,True,True
BraTS2021_00838,True,True,True,True,True
BraTS2021_00839,True,True,True,True,True
BraTS2021_00840,True,True,True,True,True
BraTS2021_00999,True,True,True,True,True
BraTS2021_01000,True,True,True,True,True
BraTS2021_01001,True,True,True,True,True
BraTS2021_01002,True,True,True,True,True
BraTS2021_01003,True,True,True,True,True
BraTS2021_01004,True,True,True,True,True
BraTS2021_01005,True,True,True,True,True
BraTS2021_01007,True,True,True,True,True
BraTS2021_01008,True,True,True,True,True
BraTS2021_01009,True,True,True,True,True
BraTS2021_01010,True,True,True,True,True
BraTS2021_01011,True,True,True,True,True
BraTS2021_01012,True,True,True,True,True
BraTS2021_01013,True,True,True,True,True
BraTS2021_01014,True,True,True,True,True
BraTS2021_01015,True,True,True,True,True
BraTS2021_01016,True,True,True,True,True
BraTS2021_01017,True,True,True,True,True
BraTS2021_01018,True,True,True,True,True
BraTS2021_01019,True,True,True,True,True
BraTS2021_01020,True,True,True,True,True
BraTS2021_01021,True,True,True,True,True
BraTS2021_01022,True,True,True,True,True
BraTS2021_01023,True,True,True,True,True
BraTS2021_01024,True,True,True,True,True
BraTS2021_01025,True,True,True,True,True
BraTS2021_01026,True,True,True,True,True
BraTS2021_01027,True,True,True,True,True
BraTS2021_01028,True,True,True,True,True
BraTS2021_01029,True,True,True,True,True
BraTS2021_01030,True,True,True,True,True
BraTS2021_01031,True,True,True,True,True
BraTS2021_01032,True,True,True,True,True
BraTS2021_01033,True,True,True,True,True
BraTS2021_01034,True,True,True,True,True
BraTS2021_01035,True,True,True,True,True
BraTS2021_01036,True,True,True,True,True
BraTS2021_01037,True,True,True,True,True
BraTS2021_01038,True,True,True,True,True
BraTS2021_01039,True,True,True,True,True
BraTS2021_01040,True,True,True,True,True
BraTS2021_01041,True,True,True,True,True
BraTS2021_01042,True,True,True,True,True
BraTS2021_01043,True,True,True,True,True
BraTS2021_01044,True,True,True,True,True
BraTS2021_01045,True,True,True,True,True
BraTS2021_01046,True,True,True,True,True
BraTS2021_01047,True,True,True,True,True
BraTS2021_01048,True,True,True,True,True
BraTS2021_01049,True,True,True,True,True
BraTS2021_01050,True,True,True,True,True
BraTS2021_01051,True,True,True,True,True
BraTS2021_01052,True,True,True,True,True
BraTS2021_01053,True,True,True,True,True
BraTS2021_01054,True,True,True,True,True
BraTS2021_01055,True,True,True,True,True
BraTS2021_01056,True,True,True,True,True
BraTS2021_01057,True,True,True,True,True
BraTS2021_01058,True,True,True,True,True
BraTS2021_01059,True,True,True,True,True
BraTS2021_01060,True,True,True,True,True
BraTS2021_01061,True,True,True,True,True
BraTS2021_01062,True,True,True,True,True
BraTS2021_01063,True,True,True,True,True
BraTS2021_01064,True,True,True,True,True
BraTS2021_01065,True,True,True,True,True
BraTS2021_01066,True,True,True,True,True
BraTS2021_01067,True,True,True,True,True
BraTS2021_01068,True,True,True,True,True
BraTS2021_01069,True,True,True,True,True
BraTS2021_01070,True,True,True,True,True
BraTS2021_01071,True,True,True,True,True
BraTS2021_01072,True,True,True,True,True
BraTS2021_01073,True,True,True,True,True
BraTS2021_01074,True,True,True,True,True
BraTS2021_01075,True,True,True,True,True
BraTS2021_01076,True,True,True,True,True
BraTS2021_01077,True,True,True,True,True
BraTS2021_01078,True,True,True,True,True
BraTS2021_01079,True,True,True,True,True
BraTS2021_01080,True,True,True,True,True
BraTS2021_01081,True,True,True,True,True
BraTS2021_01082,True,True,True,True,True
BraTS2021_01083,True,True,True,True,True
BraTS2021_01084,True,True,True,True,True
BraTS2021_01085,True,True,True,True,True
BraTS2021_01086,True,True,True,True,True
BraTS2021_01087,True,True,True,True,True
BraTS2021_01088,True,True,True,True,True
BraTS2021_01089,True,True,True,True,True
BraTS2021_01090,True,True,True,True,True
BraTS2021_01091,True,True,True,True,True
BraTS2021_01092,True,True,True,True,True
BraTS2021_01093,True,True,True,True,True
BraTS2021_01094,True,True,True,True,True
BraTS2021_01095,True,True,True,True,True
BraTS2021_01096,True,True,True,True,True
BraTS2021_01097,True,True,True,True,True
BraTS2021_01098,True,True,True,True,True
BraTS2021_01099,True,True,True,True,True
BraTS2021_01100,True,True,True,True,True
BraTS2021_01101,True,True,True,True,True
BraTS2021_01102,True,True,True,True,True
BraTS2021_01103,True,True,True,True,True
BraTS2021_01104,True,True,True,True,True
BraTS2021_01105,True,True,True,True,True
BraTS2021_01106,True,True,True,True,True
BraTS2021_01107,True,True,True,True,True
BraTS2021_01108,True,True,True,True,True
BraTS2021_01109,True,True,True,True,True
BraTS2021_01110,True,True,True,True,True
BraTS2021_01111,True,True,True,True,True
BraTS2021_01112,True,True,True,True,True
BraTS2021_01113,True,True,True,True,True
BraTS2021_01114,True,True,True,True,True
BraTS2021_01115,True,True,True,True,True
BraTS2021_01116,True,True,True,True,True
BraTS2021_01117,True,True,True,True,True
BraTS2021_01118,True,True,True,True,True
BraTS2021_01119,True,True,True,True,True
BraTS2021_01120,True,True,True,True,True
BraTS2021_01121,True,True,True,True,True
BraTS2021_01122,True,True,True,True,True
BraTS2021_01123,True,True,True,True,True
BraTS2021_01124,True,True,True,True,True
BraTS2021_01125,True,True,True,True,True
BraTS2021_01126,True,True,True,True,True
BraTS2021_01127,True,True,True,True,True
BraTS2021_01128,True,True,True,True,True
BraTS2021_01129,True,True,True,True,True
BraTS2021_01130,True,True,True,True,True
BraTS2021_01131,True,True,True,True,True
BraTS2021_01132,True,True,True,True,True
BraTS2021_01133,True,True,True,True,True
BraTS2021_01134,True,True,True,True,True
BraTS2021_01135,True,True,True,True,True
BraTS2021_01136,True,True,True,True,True
BraTS2021_01137,True,True,True,True,True
BraTS2021_01138,True,True,True,True,True
BraTS2021_01139,True,True,True,True,True
BraTS2021_01140,True,True,True,True,True
BraTS2021_01141,True,True,True,True,True
BraTS2021_01142,True,True,True,True,True
BraTS2021_01143,True,True,True,True,True
BraTS2021_01144,True,True,True,True,True
BraTS2021_01145,True,True,True,True,True
BraTS2021_01146,True,True,True,True,True
BraTS2021_01147,True,True,True,True,True
BraTS2021_01148,True,True,True,True,True
BraTS2021_01149,True,True,True,True,True
BraTS2021_01150,True,True,True,True,True
BraTS2021_01151,True,True,True,True,True
BraTS2021_01152,True,True,True,True,True
BraTS2021_01153,True,True,True,True,True
BraTS2021_01154,True,True,True,True,True
BraTS2021_01155,True,True,True,True,True
BraTS2021_01156,True,True,True,True,True
BraTS2021_01157,True,True,True,True,True
BraTS2021_01158,True,True,True,True,True
BraTS2021_01159,True,True,True,True,True
BraTS2021_01160,True,True,True,True,True
BraTS2021_01161,True,True,True,True,True
BraTS2021_01162,True,True,True,True,True
BraTS2021_01163,True,True,True,True,True
BraTS2021_01164,True,True,True,True,True
BraTS2021_01165,True,True,True,True,True
BraTS2021_01166,True,True,True,True,True
BraTS2021_01167,True,True,True,True,True
BraTS2021_01168,True,True,True,True,True
BraTS2021_01169,True,True,True,True,True
BraTS2021_01170,True,True,True,True,True
BraTS2021_01171,True,True,True,True,True
BraTS2021_01172,True,True,True,True,True
BraTS2021_01173,True,True,True,True,True
BraTS2021_01174,True,True,True,True,True
BraTS2021_01175,True,True,True,True,True
BraTS2021_01176,True,True,True,True,True
BraTS2021_01177,True,True,True,True,True
BraTS2021_01178,True,True,True,True,True
BraTS2021_01179,True,True,True,True,True
BraTS2021_01180,True,True,True,True,True
BraTS2021_01181,True,True,True,True,True
BraTS2021_01182,True,True,True,True,True
BraTS2021_01183,True,True,True,True,True
BraTS2021_01184,True,True,True,True,True
BraTS2021_01185,True,True,True,True,True
BraTS2021_01186,True,True,True,True,True
BraTS2021_01187,True,True,True,True,True
BraTS2021_01188,True,True,True,True,True
BraTS2021_01189,True,True,True,True,True
BraTS2021_01190,True,True,True,True,True
BraTS2021_01191,True,True,True,True,True
BraTS2021_01192,True,True,True,True,True
BraTS2021_01193,True,True,True,True,True
BraTS2021_01194,True,True,True,True,True
BraTS2021_01195,True,True,True,True,True
BraTS2021_01196,True,True,True,True,True
BraTS2021_01197,True,True,True,True,True
BraTS2021_01198,True,True,True,True,True
BraTS2021_01199,True,True,True,True,True
BraTS2021_01200,True,True,True,True,True
BraTS2021_01201,True,True,True,True,True
BraTS2021_01202,True,True,True,True,True
BraTS2021_01203,True,True,True,True,True
BraTS2021_01204,True,True,True,True,True
BraTS2021_01205,True,True,True,True,True
BraTS2021_01206,True,True,True,True,True
BraTS2021_01207,True,True,True,True,True
BraTS2021_01208,True,True,True,True,True
BraTS2021_01209,True,True,True,True,True
BraTS2021_01210,True,True,True,True,True
BraTS2021_01211,True,True,True,True,True
BraTS2021_01212,True,True,True,True,True
BraTS2021_01213,True,True,True,True,True
BraTS2021_01214,True,True,True,True,True
BraTS2021_01215,True,True,True,True,True
BraTS2021_01216,True,True,True,True,True
BraTS2021_01217,True,True,True,True,True
BraTS2021_01218,True,True,True,True,True
BraTS2021_01219,True,True,True,True,True
BraTS2021_01220,True,True,True,True,True
BraTS2021_01221,True,True,True,True,True
BraTS2021_01222,True,True,True,True,True
BraTS2021_01223,True,True,True,True,True
BraTS2021_01224,True,True,True,True,True
BraTS2021_01225,True,True,True,True,True
BraTS2021_01226,True,True,True,True,True
BraTS2021_01227,True,True,True,True,True
BraTS2021_01228,True,True,True,True,True
BraTS2021_01229,True,True,True,True,True
BraTS2021_01230,True,True,True,True,True
BraTS2021_01231,True,True,True,True,True
BraTS2021_01232,True,True,True,True,True
BraTS2021_01233,True,True,True,True,True
BraTS2021_01234,True,True,True,True,True
BraTS2021_01235,True,True,True,True,True
BraTS2021_01236,True,True,True,True,True
BraTS2021_01237,True,True,True,True,True
BraTS2021_01238,True,True,True,True,True
BraTS2021_01239,True,True,True,True,True
BraTS2021_01240,True,True,True,True,True
BraTS2021_01241,True,True,True,True,True
BraTS2021_01242,True,True,True,True,True
BraTS2021_01243,True,True,True,True,True
BraTS2021_01244,True,True,True,True,True
BraTS2021_01245,True,True,True,True,True
BraTS2021_01246,True,True,True,True,True
BraTS2021_01247,True,True,True,True,True
BraTS2021_01248,True,True,True,True,True
BraTS2021_01249,True,True,True,True,True
BraTS2021_01250,True,True,True,True,True
BraTS2021_01251,True,True,True,True,True
BraTS2021_01252,True,True,True,True,True
BraTS2021_01253,True,True,True,True,True
BraTS2021_01254,True,True,True,True,True
BraTS2021_01255,True,True,True,True,True
BraTS2021_01256,True,True,True,True,True
BraTS2021_01257,True,True,True,True,True
BraTS2021_01258,True,True,True,True,True
BraTS2021_01259,True,True,True,True,True
BraTS2021_01260,True,True,True,True,True
BraTS2021_01261,True,True,True,True,True
BraTS2021_01262,True,True,True,True,True
BraTS2021_01263,True,True,True,True,True
BraTS2021_01264,True,True,True,True,True
BraTS2021_01265,True,True,True,True,True
BraTS2021_01266,True,True,True,True,True
BraTS2021_01267,True,True,True,True,True
BraTS2021_01268,True,True,True,True,True
BraTS2021_01269,True,True,True,True,True
BraTS2021_01270,True,True,True,True,True
BraTS2021_01271,True,True,True,True,True
BraTS2021_01272,True,True,True,True,True
BraTS2021_01273,True,True,True,True,True
BraTS2021_01274,True,True,True,True,True
BraTS2021_01275,True,True,True,True,True
BraTS2021_01276,True,True,True,True,True
BraTS2021_01277,True,True,True,True,True
BraTS2021_01278,True,True,True,True,True
BraTS2021_01279,True,True,True,True,True
BraTS2021_01280,True,True,True,True,True
BraTS2021_01281,True,True,True,True,True
BraTS2021_01282,True,True,True,True,True
BraTS2021_01283,True,True,True,True,True
BraTS2021_01284,True,True,True,True,True
BraTS2021_01285,True,True,True,True,True
BraTS2021_01286,True,True,True,True,True
BraTS2021_01287,True,True,True,True,True
BraTS2021_01288,True,True,True,True,True
BraTS2021_01289,True,True,True,True,True
BraTS2021_01290,True,True,True,True,True
BraTS2021_01291,True,True,True,True,True
BraTS2021_01292,True,True,True,True,True
BraTS2021_01293,True,True,True,True,True
BraTS2021_01294,True,True,True,True,True
BraTS2021_01295,True,True,True,True,True
BraTS2021_01296,True,True,True,True,True
BraTS2021_01297,True,True,True,True,True
BraTS2021_01298,True,True,True,True,True
BraTS2021_01299,True,True,True,True,True
BraTS2021_01300,True,True,True,True,True
BraTS2021_01301,True,True,True,True,True
BraTS2021_01302,True,True,True,True,True
BraTS2021_01303,True,True,True,True,True
BraTS2021_01304,True,True,True,True,True
BraTS2021_01305,True,True,True,True,True
BraTS2021_01306,True,True,True,True,True
BraTS2021_01307,True,True,True,True,True
BraTS2021_01308,True,True,True,True,True
BraTS2021_01309,True,True,True,True,True
BraTS2021_01310,True,True,True,True,True
BraTS2021_01311,True,True,True,True,True
BraTS2021_01312,True,True,True,True,True
BraTS2021_01313,True,True,True,True,True
BraTS2021_01314,True,True,True,True,True
BraTS2021_01315,True,True,True,True,True
BraTS2021_01316,True,True,True,True,True
BraTS2021_01317,True,True,True,True,True
BraTS2021_01318,True,True,True,True,True
BraTS2021_01319,True,True,True,True,True
BraTS2021_01320,True,True,True,True,True
BraTS2021_01321,True,True,True,True,True
BraTS2021_01322,True,True,True,True,True
BraTS2021_01323,True,True,True,True,True
BraTS2021_01324,True,True,True,True,True
BraTS2021_01325,True,True,True,True,True
BraTS2021_01326,True,True,True,True,True
BraTS2021_01327,True,True,True,True,True
BraTS2021_01328,True,True,True,True,True
BraTS2021_01329,True,True,True,True,True
BraTS2021_01330,True,True,True,True,True
BraTS2021_01331,True,True,True,True,True
BraTS2021_01332,True,True,True,True,True
BraTS2021_01333,True,True,True,True,True
BraTS2021_01334,True,True,True,True,True
BraTS2021_01335,True,True,True,True,True
BraTS2021_01336,True,True,True,True,True
BraTS2021_01337,True,True,True,True,True
BraTS2021_01338,True,True,True,True,True
BraTS2021_01339,True,True,True,True,True
BraTS2021_01340,True,True,True,True,True
BraTS2021_01341,True,True,True,True,True
BraTS2021_01342,True,True,True,True,True
BraTS2021_01343,True,True,True,True,True
BraTS2021_01344,True,True,True,True,True
BraTS2021_01345,True,True,True,True,True
BraTS2021_01346,True,True,True,True,True
BraTS2021_01347,True,True,True,True,True
BraTS2021_01348,True,True,True,True,True
BraTS2021_01349,True,True,True,True,True
BraTS2021_01350,True,True,True,True,True
BraTS2021_01351,True,True,True,True,True
BraTS2021_01352,True,True,True,True,True
BraTS2021_01353,True,True,True,True,True
BraTS2021_01354,True,True,True,True,True
BraTS2021_01355,True,True,True,True,True
BraTS2021_01356,True,True,True,True,True
BraTS2021_01357,True,True,True,True,True
BraTS2021_01358,True,True,True,True,True
BraTS2021_01359,True,True,True,True,True
BraTS2021_01360,True,True,True,True,True
BraTS2021_01361,True,True,True,True,True
BraTS2021_01362,True,True,True,True,True
BraTS2021_01363,True,True,True,True,True
BraTS2021_01364,True,True,True,True,True
BraTS2021_01365,True,True,True,True,True
BraTS2021_01366,True,True,True,True,True
BraTS2021_01367,True,True,True,True,True
BraTS2021_01368,True,True,True,True,True
BraTS2021_01369,True,True,True,True,True
BraTS2021_01370,True,True,True,True,True
BraTS2021_01371,True,True,True,True,True
BraTS2021_01372,True,True,True,True,True
BraTS2021_01373,True,True,True,True,True
BraTS2021_01374,True,True,True,True,True
BraTS2021_01375,True,True,True,True,True
BraTS2021_01376,True,True,True,True,True
BraTS2021_01377,True,True,True,True,True
BraTS2021_01378,True,True,True,True,True
BraTS2021_01379,True,True,True,True,True
BraTS2021_01380,True,True,True,True,True
BraTS2021_01381,True,True,True,True,True
BraTS2021_01382,True,True,True,True,True
BraTS2021_01383,True,True,True,True,True
BraTS2021_01384,True,True,True,True,True
BraTS2021_01385,True,True,True,True,True
BraTS2021_01386,True,True,True,True,True
BraTS2021_01387,True,True,True,True,True
BraTS2021_01388,True,True,True,True,True
BraTS2021_01389,True,True,True,True,True
BraTS2021_01390,True,True,True,True,True
BraTS2021_01391,True,True,True,True,True
BraTS2021_01392,True,True,True,True,True
BraTS2021_01393,True,True,True,True,True
BraTS2021_01394,True,True,True,True,True
BraTS2021_01395,True,True,True,True,True
BraTS2021_01396,True,True,True,True,True
BraTS2021_01397,True,True,True,True,True
BraTS2021_01398,True,True,True,True,True
BraTS2021_01399,True,True,True,True,True
BraTS2021_01400,True,True,True,True,True
BraTS2021_01401,True,True,True,True,True
BraTS2021_01402,True,True,True,True,True
BraTS2021_01403,True,True,True,True,True
BraTS2021_01404,True,True,True,True,True
BraTS2021_01405,True,True,True,True,True
BraTS2021_01406,True,True,True,True,True
BraTS2021_01407,True,True,True,True,True
BraTS2021_01408,True,True,True,True,True
BraTS2021_01409,True,True,True,True,True
BraTS2021_01410,True,True,True,True,True
BraTS2021_01411,True,True,True,True,True
BraTS2021_01412,True,True,True,True,True
BraTS2021_01413,True,True,True,True,True
BraTS2021_01414,True,True,True,True,True
BraTS2021_01415,True,True,True,True,True
BraTS2021_01416,True,True,True,True,True
BraTS2021_01417,True,True,True,True,True
BraTS2021_01418,True,True,True,True,True
BraTS2021_01419,True,True,True,True,True
BraTS2021_01420,True,True,True,True,True
BraTS2021_01421,True,True,True,True,True
BraTS2021_01422,True,True,True,True,True
BraTS2021_01423,True,True,True,True,True
BraTS2021_01424,True,True,True,True,True
BraTS2021_01425,True,True,True,True,True
BraTS2021_01426,True,True,True,True,True
BraTS2021_01427,True,True,True,True,True
BraTS2021_01428,True,True,True,True,True
BraTS2021_01429,True,True,True,True,True
BraTS2021_01430,True,True,True,True,True
BraTS2021_01431,True,True,True,True,True
BraTS2021_01432,True,True,True,True,True
BraTS2021_01433,True,True,True,True,True
BraTS2021_01434,True,True,True,True,True
BraTS2021_01435,True,True,True,True,True
BraTS2021_01436,True,True,True,True,True
BraTS2021_01437,True,True,True,True,True
BraTS2021_01438,True,True,True,True,True
BraTS2021_01439,True,True,True,True,True
BraTS2021_01440,True,True,True,True,True
BraTS2021_01441,True,True,True,True,True
BraTS2021_01442,True,True,True,True,True
BraTS2021_01443,True,True,True,True,True
BraTS2021_01444,True,True,True,True,True
BraTS2021_01445,True,True,True,True,True
BraTS2021_01446,True,True,True,True,True
BraTS2021_01447,True,True,True,True,True
BraTS2021_01448,True,True,True,True,True
BraTS2021_01449,True,True,True,True,True
BraTS2021_01450,True,True,True,True,True
BraTS2021_01451,True,True,True,True,True
BraTS2021_01452,True,True,True,True,True
BraTS2021_01453,True,True,True,True,True
BraTS2021_01454,True,True,True,True,True
BraTS2021_01455,True,True,True,True,True
BraTS2021_01456,True,True,True,True,True
BraTS2021_01457,True,True,True,True,True
BraTS2021_01458,True,True,True,True,True
BraTS2021_01459,True,True,True,True,True
BraTS2021_01460,True,True,True,True,True
BraTS2021_01461,True,True,True,True,True
BraTS2021_01462,True,True,True,True,True
BraTS2021_01463,True,True,True,True,True
BraTS2021_01464,True,True,True,True,True
BraTS2021_01465,True,True,True,True,True
BraTS2021_01466,True,True,True,True,True
BraTS2021_01467,True,True,True,True,True
BraTS2021_01468,True,True,True,True,True
BraTS2021_01469,True,True,True,True,True
BraTS2021_01470,True,True,True,True,True
BraTS2021_01471,True,True,True,True,True
BraTS2021_01472,True,True,True,True,True
BraTS2021_01473,True,True,True,True,True
BraTS2021_01474,True,True,True,True,True
BraTS2021_01475,True,True,True,True,True
BraTS2021_01476,True,True,True,True,True
BraTS2021_01477,True,True,True,True,True
BraTS2021_01478,True,True,True,True,True
BraTS2021_01479,True,True,True,True,True
BraTS2021_01480,True,True,True,True,True
BraTS2021_01481,True,True,True,True,True
BraTS2021_01482,True,True,True,True,True
BraTS2021_01483,True,True,True,True,True
BraTS2021_01484,True,True,True,True,True
BraTS2021_01485,True,True,True,True,True
BraTS2021_01486,True,True,True,True,True
BraTS2021_01487,True,True,True,True,True
BraTS2021_01488,True,True,True,True,True
BraTS2021_01489,True,True,True,True,True
BraTS2021_01490,True,True,True,True,True
BraTS2021_01491,True,True,True,True,True
BraTS2021_01492,True,True,True,True,True
BraTS2021_01493,True,True,True,True,True
BraTS2021_01494,True,True,True,True,True
BraTS2021_01495,True,True,True,True,True
BraTS2021_01496,True,True,True,True,True
BraTS2021_01497,True,True,True,True,True
BraTS2021_01498,True,True,True,True,True
BraTS2021_01499,True,True,True,True,True
BraTS2021_01500,True,True,True,True,True
BraTS2021_01501,True,True,True,True,True
BraTS2021_01502,True,True,True,True,True
BraTS2021_01503,True,True,True,True,True
BraTS2021_01504,True,True,True,True,True
BraTS2021_01505,True,True,True,True,True
BraTS2021_01506,True,True,True,True,True
BraTS2021_01507,True,True,True,True,True
BraTS2021_01508,True,True,True,True,True
BraTS2021_01509,True,True,True,True,True
BraTS2021_01510,True,True,True,True,True
BraTS2021_01511,True,True,True,True,True
BraTS2021_01512,True,True,True,True,True
BraTS2021_01513,True,True,True,True,True
BraTS2021_01514,True,True,True,True,True
BraTS2021_01515,True,True,True,True,True
BraTS2021_01516,True,True,True,True,True
BraTS2021_01517,True,True,True,True,True
BraTS2021_01518,True,True,True,True,True
BraTS2021_01519,True,True,True,True,True
BraTS2021_01520,True,True,True,True,True
BraTS2021_01521,True,True,True,True,True
BraTS2021_01522,True,True,True,True,True
BraTS2021_01523,True,True,True,True,True
BraTS2021_01524,True,True,True,True,True
BraTS2021_01525,True,True,True,True,True
BraTS2021_01526,True,True,True,True,True
BraTS2021_01527,True,True,True,True,True
BraTS2021_01528,True,True,True,True,True
BraTS2021_01529,True,True,True,True,True
BraTS2021_01530,True,True,True,True,True
BraTS2021_01531,True,True,True,True,True
BraTS2021_01532,True,True,True,True,True
BraTS2021_01533,True,True,True,True,True
BraTS2021_01534,True,True,True,True,True
BraTS2021_01535,True,True,True,True,True
BraTS2021_01536,True,True,True,True,True
BraTS2021_01537,True,True,True,True,True
BraTS2021_01538,True,True,True,True,True
BraTS2021_01539,True,True,True,True,True
BraTS2021_01540,True,True,True,True,True
BraTS2021_01541,True,True,True,True,True
BraTS2021_01542,True,True,True,True,True
BraTS2021_01543,True,True,True,True,True
BraTS2021_01544,True,True,True,True,True
BraTS2021_01545,True,True,True,True,True
BraTS2021_01546,True,True,True,True,True
BraTS2021_01547,True,True,True,True,True
BraTS2021_01548,True,True,True,True,True
BraTS2021_01549,True,True,True,True,True
BraTS2021_01550,True,True,True,True,True
BraTS2021_01551,True,True,True,True,True
BraTS2021_01552,True,True,True,True,True
BraTS2021_01553,True,True,True,True,True
BraTS2021_01554,True,True,True,True,True
BraTS2021_01555,True,True,True,True,True
BraTS2021_01556,True,True,True,True,True
BraTS2021_01557,True,True,True,True,True
BraTS2021_01558,True,True,True,True,True
BraTS2021_01559,True,True,True,True,True
BraTS2021_01560,True,True,True,True,True
BraTS2021_01561,True,True,True,True,True
BraTS2021_01562,True,True,True,True,True
BraTS2021_01563,True,True,True,True,True
BraTS2021_01564,True,True,True,True,True
BraTS2021_01565,True,True,True,True,True
BraTS2021_01566,True,True,True,True,True
BraTS2021_01567,True,True,True,True,True
BraTS2021_01568,True,True,True,True,True
BraTS2021_01569,True,True,True,True,True
BraTS2021_01570,True,True,True,True,True
BraTS2021_01571,True,True,True,True,True
BraTS2021_01572,True,True,True,True,True
BraTS2021_01573,True,True,True,True,True
BraTS2021_01574,True,True,True,True,True
BraTS2021_01575,True,True,True,True,True
BraTS2021_01576,True,True,True,True,True
BraTS2021_01577,True,True,True,True,True
BraTS2021_01578,True,True,True,True,True
BraTS2021_01579,True,True,True,True,True
BraTS2021_01580,True,True,True,True,True
BraTS2021_01581,True,True,True,True,True
BraTS2021_01582,True,True,True,True,True
BraTS2021_01583,True,True,True,True,True
BraTS2021_01584,True,True,True,True,True
BraTS2021_01585,True,True,True,True,True
BraTS2021_01586,True,True,True,True,True
BraTS2021_01587,True,True,True,True,True
BraTS2021_01588,True,True,True,True,True
BraTS2021_01589,True,True,True,True,True
BraTS2021_01590,True,True,True,True,True
BraTS2021_01591,True,True,True,True,True
BraTS2021_01592,True,True,True,True,True
BraTS2021_01593,True,True,True,True,True
BraTS2021_01594,True,True,True,True,True
BraTS2021_01595,True,True,True,True,True
BraTS2021_01596,True,True,True,True,True
BraTS2021_01597,True,True,True,True,True
BraTS2021_01598,True,True,True,True,True
BraTS2021_01599,True,True,True,True,True
BraTS2021_01600,True,True,True,True,True
BraTS2021_01601,True,True,True,True,True
BraTS2021_01602,True,True,True,True,True
BraTS2021_01603,True,True,True,True,True
BraTS2021_01604,True,True,True,True,True
BraTS2021_01605,True,True,True,True,True
BraTS2021_01606,True,True,True,True,True
BraTS2021_01607,True,True,True,True,True
BraTS2021_01608,True,True,True,True,True
BraTS2021_01609,True,True,True,True,True
BraTS2021_01610,True,True,True,True,True
BraTS2021_01611,True,True,True,True,True
BraTS2021_01612,True,True,True,True,True
BraTS2021_01613,True,True,True,True,True
BraTS2021_01614,True,True,True,True,True
BraTS2021_01615,True,True,True,True,True
BraTS2021_01616,True,True,True,True,True
BraTS2021_01617,True,True,True,True,True
BraTS2021_01618,True,True,True,True,True
BraTS2021_01619,True,True,True,True,True
BraTS2021_01620,True,True,True,True,True
BraTS2021_01621,True,True,True,True,True
BraTS2021_01622,True,True,True,True,True
BraTS2021_01623,True,True,True,True,True
BraTS2021_01624,True,True,True,True,True
BraTS2021_01625,True,True,True,True,True
BraTS2021_01626,True,True,True,True,True
BraTS2021_01627,True,True,True,True,True
BraTS2021_01628,True,True,True,True,True
BraTS2021_01629,True,True,True,True,True
BraTS2021_01630,True,True,True,True,True
BraTS2021_01631,True,True,True,True,True
BraTS2021_01632,True,True,True,True,True
BraTS2021_01633,True,True,True,True,True
BraTS2021_01634,True,True,True,True,True
BraTS2021_01635,True,True,True,True,True
BraTS2021_01636,True,True,True,True,True
BraTS2021_01637,True,True,True,True,True
BraTS2021_01638,True,True,True,True,True
BraTS2021_01639,True,True,True,True,True
BraTS2021_01640,True,True,True,True,True
BraTS2021_01641,True,True,True,True,True
BraTS2021_01642,True,True,True,True,True
BraTS2021_01643,True,True,True,True,True
BraTS2021_01644,True,True,True,True,True
BraTS2021_01645,True,True,True,True,True
BraTS2021_01646,True,True,True,True,True
BraTS2021_01647,True,True,True,True,True
BraTS2021_01648,True,True,True,True,True
BraTS2021_01649,True,True,True,True,True
BraTS2021_01650,True,True,True,True,True
BraTS2021_01651,True,True,True,True,True
BraTS2021_01652,True,True,True,True,True
BraTS2021_01653,True,True,True,True,True
BraTS2021_01654,True,True,True,True,True
BraTS2021_01655,True,True,True,True,True
BraTS2021_01656,True,True,True,True,True
BraTS2021_01657,True,True,True,True,True
BraTS2021_01658,True,True,True,True,True
BraTS2021_01659,True,True,True,True,True
BraTS2021_01660,True,True,True,True,True
BraTS2021_01661,True,True,True,True,True
BraTS2021_01662,True,True,True,True,True
BraTS2021_01663,True,True,True,True,True
BraTS2021_01664,True,True,True,True,True
BraTS2021_01665,True,True,True,True,True
BraTS2021_01666,True,True,True,True,True
